Order_ID,Customer_ID,Pizza_ID,Quantity,Discount,Order_Channel
ORD-001,CUST-01,PZ-01,2,0.1,Gofood
ORD-002,CUST-02,PZ-02,1,NaN,grabfood
ORD-003,CUST-03,PZ-03,12,0.05,Shopeefood
ORD-004,CUST-04,PZ-04,-1,0.0,GOFOOD
ORD-005,CUST-05,PZ-05,3,0.15,Dine In
ORD-006,CUST-01,PZ-02,1,0.0,takeaway
ORD-007,CUST-06,PZ-01,2,NaN,Gofood
ORD-008,CUST-07,PZ-06,1,0.05,Grabfood
ORD-009,CUST-08,PZ-99,1,0.0,ShopeeFood
ORD-010,CUST-09,PZ-03,2,0.2,dine in
ORD-010,CUST-09,PZ-03,2,0.2,dine in
ORD-011,CUST-10,PZ-02,1,NaN,Takeaway
ORD-012,CUST-11,PZ-01,15,0.1,Gofood
ORD-013,CUST-12,PZ-04,2,0.0,GrabFood
ORD-014,CUST-13,PZ-05,1,0.05,gofood
