ID,Age,Income,Education,City,Tenure,Spending
1,41.0,5.22,High School,Malang,22.4,3.4
2,27.0,8.94,Diploma,Malang,12.7,5.06
3,46.0,7.86,Diploma,Surabaya,19.3,4.2
4,48.0,10.64,Diploma,Yogyakarta,21.0,5.57
5,18.0,,Diploma,Yogyakarta,0.0,4.22
6,24.0,,Bachelor,Jakarta,5.7,
7,39.0,8.03,Diploma,Surabaya,26.5,4.96
8,35.0,14.16,Master,,12.4,5.51
9,38.0,14.9,Master,Yogyakarta,3.0,7.35
10,29.0,9.65,Bachelor,Jakarta,0.0,5.01
11,48.0,12.26,Diploma,Malang,23.0,5.39
12,,13.51,Bachelor,Jakarta,23.7,6.45
13,39.0,10.44,,Malang,16.5,4.62
14,50.0,13.35,Bachelor,Jakarta,30.2,5.44
15,43.0,14.78,Bachelor,Yogyakarta,21.1,6.69
16,,13.43,Bachelor,Surabaya,15.3,5.45
17,42.0,8.99,Bachelor,Bandung,,4.87
18,27.0,5.73,Diploma,,1.8,2.17
19,48.0,14.47,Bachelor,Malang,30.9,7.52
20,37.0,5.3,High School,Yogyakarta,7.8,1.96
21,36.0,8.22,Bachelor,Surabaya,18.3,3.74
22,31.0,9.22,Bachelor,Jakarta,11.6,4.11
23,51.0,9.36,High School,Surabaya,30.1,5.92
24,36.0,10.42,Bachelor,Surabaya,25.5,5.47
25,33.0,,High School,Bandung,9.3,
26,34.0,9.19,Bachelor,,26.4,5.11
27,44.0,,High School,Yogyakarta,22.6,1.68
28,42.0,12.62,Master,,14.3,6.06
29,43.0,11.91,High School,Yogyakarta,23.4,7.6
30,43.0,14.84,Master,Yogyakarta,16.5,7.15
31,62.0,14.8,Bachelor,Surabaya,35.0,7.08
32,34.0,9.52,Bachelor,Surabaya,16.4,5.29
33,32.0,9.87,Bachelor,Bandung,15.3,5.75
34,29.0,8.62,Bachelor,Malang,5.3,2.62
35,45.0,,Master,Surabaya,30.9,
36,50.0,7.22,Diploma,Jakarta,35.0,4.02
37,37.0,7.44,Bachelor,Bandung,25.6,3.28
38,29.0,2.35,High School,Surabaya,12.2,2.97
39,29.0,7.75,Bachelor,Jakarta,17.2,3.77
40,45.0,10.38,High School,Malang,13.7,3.42
41,46.0,11.52,Bachelor,Bandung,24.1,4.5
42,44.0,13.72,Bachelor,Surabaya,18.8,4.09
43,31.0,10.84,Bachelor,Malang,11.7,5.14
44,41.0,12.51,Bachelor,Jakarta,17.6,5.88
45,39.0,9.28,Bachelor,Malang,18.0,4.32
46,40.0,11.94,,Surabaya,31.3,6.79
47,48.0,13.11,Bachelor,,27.0,7.38
48,40.0,9.96,Bachelor,Jakarta,22.5,4.83
49,45.0,15.51,Master,Surabaya,23.6,
50,39.0,8.42,High School,Malang,19.5,4.89
51,41.0,6.61,High School,Surabaya,21.0,4.08
52,45.0,5.98,High School,,27.7,3.59
53,22.0,7.07,Bachelor,Jakarta,9.0,4.65
54,34.0,8.26,Diploma,Yogyakarta,23.9,3.22
55,33.0,10.89,Bachelor,Yogyakarta,14.9,7.18
56,31.0,8.67,Bachelor,Malang,14.5,3.58
57,35.0,8.25,Diploma,Surabaya,8.1,4.94
58,54.0,16.43,Master,Jakarta,33.5,6.18
59,28.0,10.91,Bachelor,Surabaya,13.6,4.54
60,49.0,12.39,Diploma,Bandung,34.2,7.37
61,19.0,,Diploma,Malang,0.3,
62,34.0,6.3,Diploma,Bandung,19.3,4.2
63,40.0,10.53,High School,Bandung,22.9,5.44
64,44.0,,High School,Jakarta,31.2,
65,46.0,16.48,Master,Malang,27.7,8.95
66,47.0,9.52,Diploma,Jakarta,,4.59
67,34.0,7.36,Diploma,Surabaya,16.0,2.29
68,33.0,7.05,Bachelor,Jakarta,0.0,3.04
69,,,Bachelor,,29.3,6.08
70,36.0,10.79,Master,Surabaya,0.0,5.69
71,24.0,11.14,Bachelor,Surabaya,0.0,4.07
72,26.0,,Bachelor,Jakarta,8.7,5.33
73,28.0,6.07,Diploma,Bandung,,2.83
74,43.0,14.84,Master,Jakarta,,6.7
75,,9.69,Bachelor,Jakarta,15.7,3.63
76,46.0,13.47,Master,Malang,34.2,5.89
77,,8.19,High School,Yogyakarta,10.1,3.58
78,40.0,10.93,Bachelor,Jakarta,33.5,6.08
79,45.0,14.63,Bachelor,Surabaya,25.0,7.67
80,35.0,6.13,High School,Malang,17.4,3.24
81,43.0,13.1,Bachelor,Surabaya,32.7,5.95
82,31.0,10.28,Bachelor,Jakarta,11.8,5.24
83,34.0,8.33,High School,Malang,8.0,3.56
84,34.0,9.6,Bachelor,Jakarta,13.3,3.8
85,25.0,,Bachelor,,4.8,3.91
86,,8.79,Diploma,Bandung,14.8,
87,33.0,8.8,Bachelor,Bandung,11.5,3.45
88,38.0,9.69,Diploma,Surabaya,13.5,5.02
89,43.0,10.17,Diploma,Surabaya,28.5,
90,43.0,15.37,Master,Jakarta,23.2,
91,45.0,14.27,Bachelor,Surabaya,23.3,6.82
92,37.0,,High School,Malang,16.4,
93,33.0,12.63,Master,Surabaya,14.3,6.41
94,37.0,14.37,Master,Bandung,20.7,6.82
95,19.0,5.48,Diploma,Yogyakarta,0.0,1.79
96,22.0,9.24,Bachelor,Yogyakarta,0.0,3.54
97,23.0,4.72,High School,Jakarta,9.6,2.81
98,27.0,15.62,Master,Jakarta,4.5,8.29
99,42.0,11.85,Bachelor,Malang,13.5,3.78
100,28.0,9.41,Bachelor,Bandung,10.7,5.06
101,,,High School,Yogyakarta,16.8,
102,52.0,11.29,Master,Malang,22.8,5.4
103,34.0,,High School,Yogyakarta,15.4,2.67
104,,,High School,Surabaya,30.4,4.17
105,28.0,6.41,High School,Bandung,10.2,3.38
106,36.0,11.05,Bachelor,Surabaya,19.8,3.98
107,28.0,3.91,High School,Bandung,0.0,0.5
108,34.0,13.36,Master,Malang,16.0,7.26
109,47.0,15.31,Bachelor,Jakarta,25.2,6.34
110,19.0,6.88,High School,,0.0,3.28
111,43.0,8.11,High School,Surabaya,28.2,2.96
112,41.0,,High School,Malang,29.9,2.39
113,31.0,9.39,Bachelor,Surabaya,21.8,4.59
114,22.0,5.37,Bachelor,,9.9,2.4
115,,7.86,High School,Surabaya,18.3,
116,32.0,11.72,Bachelor,Surabaya,14.1,6.13
117,41.0,,High School,Jakarta,25.6,
118,38.0,9.61,Bachelor,Jakarta,18.7,5.05
119,56.0,13.52,Master,Jakarta,35.0,7.9
120,35.0,8.76,Bachelor,Surabaya,19.9,3.52
121,27.0,9.8,Bachelor,Surabaya,6.6,4.87
122,40.0,7.25,Bachelor,Jakarta,15.6,4.86
123,40.0,8.61,High School,Surabaya,17.5,5.55
124,,10.16,High School,Bandung,35.0,3.79
125,47.0,7.75,High School,Surabaya,27.0,3.77
126,42.0,6.73,,Jakarta,24.0,4.85
127,,10.61,Bachelor,Jakarta,35.0,5.71
128,25.0,11.72,Bachelor,,2.8,5.9
129,31.0,5.1,Bachelor,,15.5,2.75
130,28.0,5.67,High School,Surabaya,10.3,2.84
131,34.0,8.28,Bachelor,Malang,6.6,4.54
132,23.0,7.25,High School,Surabaya,11.7,3.62
133,45.0,7.98,Diploma,Jakarta,22.0,4.11
134,36.0,,Bachelor,,6.1,
135,22.0,13.22,Master,Jakarta,0.0,5.74
136,27.0,13.01,Bachelor,Jakarta,0.9,6.74
137,41.0,7.23,High School,Yogyakarta,21.3,6.46
138,47.0,12.38,Bachelor,,25.4,4.4
139,60.0,,High School,Surabaya,35.0,
140,70.0,19.14,Master,Jakarta,35.0,8.15
141,43.0,9.93,Bachelor,Surabaya,25.0,5.49
142,27.0,5.19,High School,Jakarta,8.9,3.02
143,18.0,5.26,High School,Bandung,0.5,3.69
144,41.0,4.79,High School,Surabaya,24.7,3.87
145,29.0,13.31,Master,Jakarta,0.0,
146,33.0,12.04,Bachelor,Malang,10.8,6.88
147,31.0,10.63,Bachelor,Surabaya,0.0,3.15
148,36.0,7.74,Bachelor,Jakarta,16.2,
149,50.0,11.78,Bachelor,Yogyakarta,30.0,6.09
150,40.0,8.84,High School,Surabaya,26.3,5.48
151,36.0,,Master,Surabaya,23.1,3.99
152,27.0,5.47,Diploma,Surabaya,8.2,2.35
153,20.0,,Bachelor,Malang,0.0,5.37
154,33.0,10.79,,Surabaya,15.9,5.32
155,37.0,11.44,Bachelor,Surabaya,13.8,
156,57.0,19.05,Master,Surabaya,35.0,9.78
157,39.0,,High School,Surabaya,24.9,2.67
158,49.0,13.08,Bachelor,Bandung,25.7,7.17
159,33.0,12.88,Diploma,Surabaya,17.8,6.22
160,25.0,,Bachelor,Bandung,9.1,
161,27.0,,High School,Bandung,1.3,
162,30.0,7.27,High School,Yogyakarta,15.8,
163,61.0,11.59,Diploma,Surabaya,35.0,3.5
164,29.0,6.65,Diploma,Malang,9.6,4.18
165,47.0,7.54,Diploma,Bandung,22.4,2.62
166,28.0,13.96,Bachelor,Surabaya,2.8,6.71
167,48.0,12.39,,,24.8,5.9
168,42.0,7.58,Diploma,Malang,,5.04
169,36.0,9.95,Diploma,Surabaya,10.3,4.82
170,38.0,,High School,Malang,20.6,
171,31.0,,Bachelor,Jakarta,3.5,4.39
172,43.0,10.01,Diploma,Bandung,21.8,6.15
173,33.0,,High School,Malang,13.7,
174,25.0,,Diploma,Jakarta,19.7,3.74
175,24.0,12.84,Bachelor,Yogyakarta,0.0,5.98
176,40.0,8.34,High School,Jakarta,,2.89
177,55.0,11.82,Bachelor,Yogyakarta,35.0,6.11
178,40.0,10.09,Bachelor,,22.5,3.45
179,37.0,9.96,Bachelor,Surabaya,17.7,5.66
180,41.0,10.64,Bachelor,Jakarta,,5.38
181,52.0,11.52,Bachelor,Jakarta,31.1,7.79
182,40.0,10.35,,Surabaya,28.7,4.16
183,33.0,7.18,Bachelor,Surabaya,10.3,3.72
184,50.0,13.55,Bachelor,Jakarta,35.0,8.11
185,43.0,8.32,Diploma,Surabaya,19.1,5.37
186,,13.18,Bachelor,Surabaya,34.6,5.71
187,40.0,,Diploma,Yogyakarta,13.6,3.8
188,25.0,11.89,Bachelor,Bandung,7.7,5.8
189,23.0,,Bachelor,Yogyakarta,11.7,5.9
190,56.0,17.33,Master,Jakarta,35.0,7.45
191,57.0,12.97,Master,Malang,35.0,6.17
192,36.0,12.09,Bachelor,Bandung,9.3,4.44
193,,11.13,,Surabaya,12.6,5.6
194,54.0,9.51,Bachelor,Surabaya,24.4,
195,26.0,7.26,Diploma,Bandung,0.5,3.64
196,28.0,,Bachelor,Surabaya,9.4,3.74
197,45.0,,Bachelor,Jakarta,32.9,
198,,7.22,High School,Malang,30.9,4.16
199,38.0,,High School,Surabaya,,3.43
200,36.0,13.25,Bachelor,Surabaya,24.6,6.11
201,42.0,9.91,High School,Malang,23.5,3.61
202,53.0,4.84,Diploma,Bandung,32.1,1.91
203,39.0,8.03,Diploma,Surabaya,21.6,3.69
204,45.0,7.7,High School,Malang,25.4,5.14
205,18.0,3.35,Diploma,Malang,0.0,1.63
206,,10.87,Bachelor,Jakarta,14.6,5.94
207,29.0,8.65,High School,,0.6,3.95
208,25.0,7.54,Bachelor,Surabaya,0.0,4.19
209,28.0,10.41,Bachelor,Surabaya,11.9,5.04
210,34.0,6.45,Diploma,Bandung,12.3,4.29
211,48.0,7.09,High School,Surabaya,24.4,3.3
212,23.0,11.96,Bachelor,Bandung,3.1,4.41
213,,6.32,High School,Yogyakarta,,2.21
214,33.0,8.83,Diploma,Surabaya,14.1,4.03
215,34.0,,Master,Bandung,10.1,
216,49.0,18.25,Master,Surabaya,35.0,8.83
217,44.0,,Bachelor,Malang,33.5,5.62
218,53.0,9.67,Diploma,Surabaya,35.0,7.0
219,36.0,11.64,Bachelor,Bandung,21.8,4.12
220,30.0,7.46,Bachelor,Bandung,17.5,4.12
221,,,Diploma,Jakarta,22.8,4.17
222,41.0,10.52,Bachelor,Bandung,24.7,4.77
223,40.0,7.13,High School,Yogyakarta,23.6,3.92
224,26.0,,High School,Bandung,9.1,0.9
225,39.0,,Bachelor,Yogyakarta,12.4,5.15
226,41.0,,High School,Malang,25.2,6.23
227,,10.56,High School,Jakarta,35.0,4.83
228,59.0,14.07,Bachelor,Jakarta,34.2,6.94
229,29.0,12.88,Master,Surabaya,16.8,7.13
230,35.0,11.42,,Yogyakarta,20.0,5.45
231,22.0,8.45,Bachelor,Jakarta,10.9,3.83
232,32.0,17.21,Master,Jakarta,10.4,5.98
233,41.0,4.78,High School,Surabaya,14.1,
234,51.0,12.07,Diploma,Malang,29.6,5.77
235,,10.16,Diploma,Jakarta,10.6,4.16
236,31.0,5.07,High School,Bandung,11.5,3.04
237,18.0,,Bachelor,Surabaya,,
238,36.0,10.09,Diploma,Malang,13.8,4.56
239,26.0,11.35,Bachelor,Surabaya,8.1,6.11
240,32.0,6.75,High School,Surabaya,6.1,2.43
241,28.0,5.91,High School,Malang,10.7,4.22
242,37.0,13.32,Master,Malang,17.0,5.14
243,19.0,6.1,High School,Surabaya,0.0,2.77
244,22.0,8.22,High School,Jakarta,0.6,5.98
245,61.0,11.13,Diploma,Yogyakarta,35.0,6.49
246,24.0,7.76,Bachelor,Malang,2.4,4.15
247,26.0,11.08,Bachelor,Jakarta,16.6,4.61
248,58.0,14.46,Bachelor,Jakarta,35.0,6.4
249,70.0,,High School,Yogyakarta,35.0,
250,25.0,7.34,High School,Yogyakarta,0.0,3.92
251,34.0,9.91,Bachelor,Yogyakarta,8.6,4.88
252,42.0,9.53,Bachelor,Bandung,,4.77
253,57.0,11.14,Bachelor,Surabaya,32.9,5.29
254,27.0,6.76,Bachelor,Malang,,2.34
255,,10.93,Bachelor,Malang,14.0,4.93
256,47.0,8.05,High School,Yogyakarta,34.7,5.0
257,43.0,8.21,,Surabaya,23.4,3.02
258,34.0,5.08,Bachelor,Surabaya,14.2,2.76
259,37.0,,Diploma,Yogyakarta,16.5,2.65
260,23.0,,Bachelor,Surabaya,3.0,
261,35.0,9.3,Bachelor,Malang,,4.36
262,35.0,11.15,Bachelor,Jakarta,1.1,6.81
263,41.0,,Bachelor,Yogyakarta,9.0,4.87
264,32.0,12.79,Bachelor,Malang,8.7,4.99
265,43.0,,Master,Jakarta,23.1,
266,49.0,12.42,Bachelor,Jakarta,33.1,5.32
267,40.0,15.19,Bachelor,Bandung,22.8,6.66
268,42.0,11.63,Diploma,Bandung,19.7,5.97
269,39.0,,Bachelor,Jakarta,25.1,4.7
270,38.0,9.73,Bachelor,Bandung,24.2,5.69
271,30.0,5.91,High School,Malang,11.1,2.59
272,,9.72,Diploma,Jakarta,26.8,4.33
273,37.0,13.51,Master,Surabaya,18.6,5.88
274,61.0,12.39,Bachelor,Jakarta,35.0,5.49
275,55.0,11.64,,Jakarta,35.0,6.68
276,42.0,8.69,Diploma,Surabaya,22.7,5.02
277,30.0,10.64,High School,Surabaya,10.0,6.81
278,26.0,6.26,High School,Bandung,14.8,5.47
279,51.0,18.31,Master,Jakarta,16.3,7.56
280,41.0,9.44,Diploma,Malang,12.5,4.83
281,43.0,10.73,Diploma,,15.9,4.25
282,19.0,7.6,Bachelor,,0.0,3.29
283,48.0,,,Yogyakarta,26.5,
284,43.0,9.83,Diploma,Malang,14.0,3.98
285,26.0,11.38,Bachelor,Surabaya,0.1,4.63
286,33.0,10.37,Bachelor,Surabaya,7.8,5.03
287,41.0,11.78,Master,Surabaya,35.0,4.65
288,39.0,8.45,Bachelor,Jakarta,29.8,5.11
289,35.0,7.93,Bachelor,Jakarta,12.5,3.3
290,,7.52,Bachelor,Surabaya,14.8,6.49
291,35.0,13.7,Master,Surabaya,8.1,6.15
292,40.0,13.03,Bachelor,Jakarta,8.6,6.34
293,,15.38,Master,Malang,33.3,6.09
294,18.0,,Bachelor,Bandung,0.0,
295,35.0,10.16,Bachelor,Jakarta,14.5,6.07
296,40.0,,,Surabaya,10.4,
297,,14.87,Bachelor,Surabaya,16.4,5.83
298,34.0,5.48,Diploma,Surabaya,14.9,3.29
299,19.0,,Bachelor,Yogyakarta,1.2,
300,42.0,14.27,Bachelor,Malang,24.5,8.11
