Tanggal;"Indeks Energi
(kWh/ton)"
01/11/2024;18,32047366
02/11/2024;19,47227302
03/11/2024;18,48452684
04/11/2024;18,41241703
05/11/2024;17,86616854
06/11/2024;17,74563454
07/11/2024;18,12200652
08/11/2024;17,8938059
09/11/2024;17,4705318
10/11/2024;16,49599006
11/11/2024;16,61496553
12/11/2024;16,03854576
13/11/2024;16,77162049
14/11/2024;16,95258835
15/11/2024;15,9643512
16/11/2024;16,51985164
17/11/2024;17,05580752
18/11/2024;16,73247788
19/11/2024;16,6272486
20/11/2024;16,12595381
21/11/2024;17,62651543
22/11/2024;17,58597668
23/11/2024;17,81183939
24/11/2024;17,91774053
25/11/2024;17,88537585
26/11/2024;18,10604438
27/11/2024;19,07146543
28/11/2024;18,81007679
29/11/2024;18,1971341
30/11/2024;17,88998962
01/12/2024;17,9445412
02/12/2024;17,91605484
03/12/2024;17,46248237
04/12/2024;17,19498988
05/12/2024;16,9370799
06/12/2024;18,15053175
07/12/2024;18,6962557
08/12/2024;18,64467044
09/12/2024;18,24653167
10/12/2024;0
11/12/2024;0
12/12/2024;0
13/12/2024;0
14/12/2024;0
15/12/2024;0
16/12/2024;24,14212644
17/12/2024;19,15411853
18/12/2024;18,21349584
19/12/2024;19,12487166
20/12/2024;19,98733067
21/12/2024;19,26882723
22/12/2024;18,1828633
23/12/2024;17,84140985
24/12/2024;19,30348493
25/12/2024;21,09604373
26/12/2024;19,81485301
27/12/2024;18,43713532
28/12/2024;19,28191326
29/12/2024;18,61365683
30/12/2024;18,1524474
31/12/2024;18,24899281
01/01/2025;18,71089432
02/01/2025;18,79967748
03/01/2025;0
04/01/2025;0
05/01/2025;20,41335224
06/01/2025;19,32298543
07/01/2025;18,9149896
08/01/2025;20,55041799
09/01/2025;19,77635782
10/01/2025;18,47394184
11/01/2025;18,01066086
12/01/2025;18,16230801
13/01/2025;17,84145479
14/01/2025;17,85477627
15/01/2025;17,8320592
16/01/2025;17,75563078
17/01/2025;17,36163604
18/01/2025;17,7583457
19/01/2025;16,99931228
20/01/2025;18,78469214
21/01/2025;20,72356596
22/01/2025;19,83111974
23/01/2025;19,83879779
24/01/2025;20,64723022
25/01/2025;17,73220689
26/01/2025;19,00461999
27/01/2025;19,46819125
28/01/2025;19,84783296
29/01/2025;18,75637296
30/01/2025;19,81675584
31/01/2025;19,00450731
01/02/2025;19,75013591
02/02/2025;18,5917747
03/02/2025;17,74632866
04/02/2025;18,60560501
05/02/2025;17,39519005
06/02/2025;16,8448208
07/02/2025;17,35172463
08/02/2025;17,161104
09/02/2025;16,99915452
10/02/2025;17,82053916
11/02/2025;22,95480775
12/02/2025;20,95536042
13/02/2025;18,33068094
14/02/2025;18,38488156
15/02/2025;17,73084673
16/02/2025;17,57127646
17/02/2025;17,81018618
18/02/2025;22,51661377
19/02/2025;19,86773086
20/02/2025;18,74425027
21/02/2025;19,53781325
22/02/2025;18,92297003
23/02/2025;17,71103894
24/02/2025;17,85208684
25/02/2025;17,76366871
26/02/2025;18,21354085
27/02/2025;18,62919954
28/02/2025;0
01/03/2025;0
02/03/2025;0
03/03/2025;0
04/03/2025;0
05/03/2025;17,34264078
06/03/2025;16,75425208
07/03/2025;16,52170517
08/03/2025;17,56299927
09/03/2025;17,21767
10/03/2025;16,89234869
11/03/2025;17,18294385
12/03/2025;16,60694703
13/03/2025;16,40513582
14/03/2025;16,93558417
15/03/2025;18,99815307
16/03/2025;0
17/03/2025;0
18/03/2025;17,53845703
19/03/2025;16,53431465
20/03/2025;16,58518909
21/03/2025;17,0392116
22/03/2025;17,31179594
23/03/2025;19,40267749
24/03/2025;17,09380097
25/03/2025;16,40460408
26/03/2025;16,39404291
27/03/2025;16,27956029
28/03/2025;16,73639273
29/03/2025;16,82046052
30/03/2025;17,89526557
31/03/2025;17,03904664
01/04/2025;21,25681059
02/04/2025;16,65347407
03/04/2025;16,69233435
04/04/2025;16,37413756
05/04/2025;16,1142517
06/04/2025;17,40014904
07/04/2025;15,2007442
08/04/2025;16,03070099
09/04/2025;15,9673479
10/04/2025;16,35484917
11/04/2025;17,89708828
12/04/2025;19,61585407
13/04/2025;19,44270692
14/04/2025;0
15/04/2025;0
16/04/2025;0
17/04/2025;0
18/04/2025;0
19/04/2025;0
20/04/2025;0
21/04/2025;0
22/04/2025;0
23/04/2025;0
24/04/2025;0
25/04/2025;0
26/04/2025;0
27/04/2025;0
28/04/2025;0
29/04/2025;0
30/04/2025;0
01/05/2025;0
02/05/2025;20,18062299
03/05/2025;16,32577101
04/05/2025;15,67203885
05/05/2025;15,0743097
06/05/2025;15,99111758
07/05/2025;15,60762377
08/05/2025;15,65707844
09/05/2025;15,73123257
10/05/2025;15,24362524
11/05/2025;15,36505943
12/05/2025;14,81412753
13/05/2025;15,72625246
14/05/2025;16,21774407
15/05/2025;16,06856155
16/05/2025;15,08460991
17/05/2025;14,70926228
18/05/2025;16,40704584
19/05/2025;17,05577555
20/05/2025;15,40937787
21/05/2025;15,47113895
22/05/2025;16,01924024
23/05/2025;16,17923337
24/05/2025;15,99036786
25/05/2025;15,56132163
26/05/2025;15,69230871
27/05/2025;15,27402927
28/05/2025;16,08553589
29/05/2025;15,20280304
30/05/2025;15,76766473
31/05/2025;16,02416221
01/06/2025;15,43039463
02/06/2025;15,53756278
03/06/2025;16,01926979
04/06/2025;16,10366609
05/06/2025;16,74189655
06/06/2025;16,1079624
07/06/2025;16,18733564
08/06/2025;16,27280457
09/06/2025;15,79921011
10/06/2025;15,15834247
11/06/2025;16,58545386
12/06/2025;15,81374576
13/06/2025;16,75143389
14/06/2025;16,70036569
15/06/2025;17,31701006
16/06/2025;17,8511649
17/06/2025;16,52349614
18/06/2025;16,45213326
19/06/2025;15,85942029
20/06/2025;15,27750247
21/06/2025;15,94916897
22/06/2025;16,83093977
23/06/2025;17,07024578
24/06/2025;16,14496786
25/06/2025;15,49883985
26/06/2025;15,29423294
27/06/2025;15,37073467
28/06/2025;15,71912817
29/06/2025;15,20166894
30/06/2025;15,2656843
01/07/2025;15,4425071
02/07/2025;16,01157193
03/07/2025;16,46410514
04/07/2025;16,09899574
05/07/2025;16,35341674
06/07/2025;16,40964945
07/07/2025;16,1053501
08/07/2025;17,48160687
09/07/2025;17,14735704
10/07/2025;16,49526585
11/07/2025;16,54247464
12/07/2025;15,73531149
13/07/2025;16,53096718
14/07/2025;16,76983885
15/07/2025;15,68461903
16/07/2025;15,29764981
17/07/2025;16,05474766
18/07/2025;17,63170659
19/07/2025;16,98393055
20/07/2025;16,14919319
21/07/2025;15,63974902
22/07/2025;15,55675328
23/07/2025;16,36816375
24/07/2025;15,98734094
25/07/2025;16,50760542
26/07/2025;17,01849846
27/07/2025;16,56814242
28/07/2025;16,687913
29/07/2025;16,81055102
30/07/2025;17,04202582
31/07/2025;16,89579676
01/08/2025;17,15026487
02/08/2025;17,94395588
03/08/2025;18,82086428
04/08/2025;18,09305556
05/08/2025;16,17263976
06/08/2025;16,62133053
07/08/2025;17,38605395
08/08/2025;14,8939119
09/08/2025;14,56637816
10/08/2025;14,2069421
11/08/2025;14,37320402
12/08/2025;14,46995124
13/08/2025;15,0026491
14/08/2025;15,4645862
15/08/2025;15,61407172
16/08/2025;15,3016564
17/08/2025;15,97571212
18/08/2025;16,5160633
19/08/2025;15,77123815
20/08/2025;17,78414682
21/08/2025;16,22156617
22/08/2025;16,3547846
23/08/2025;16,80930684
24/08/2025;15,94894581
25/08/2025;15,58748987
26/08/2025;16,44281335
27/08/2025;17,06517078
28/08/2025;17,63816292
29/08/2025;18,23464636
30/08/2025;19,11394532
31/08/2025;17,59438046
01/09/2025;16,77532081
02/09/2025;16,80862878
03/09/2025;15,9076357
04/09/2025;18,72288107
05/09/2025;19,7324462
06/09/2025;18,81653926
07/09/2025;17,13765192
08/09/2025;16,62719795
09/09/2025;16,19638424
10/09/2025;17,50748007
11/09/2025;17,70902168
12/09/2025;15,87488073
13/09/2025;15,56322304
14/09/2025;15,83246774
15/09/2025;15,48701449
16/09/2025;15,09246627
17/09/2025;14,77229419
18/09/2025;15,2749333
19/09/2025;16,58768826
20/09/2025;15,99232802
21/09/2025;16,60275512
22/09/2025;17,08429297
23/09/2025;17,05277893
24/09/2025;19,08938107
25/09/2025;16,22345783
26/09/2025;17,64774154
27/09/2025;18,24244658
28/09/2025;16,58855296
29/09/2025;17,09485827
30/09/2025;17,42516384
01/10/2025;17,67284857
02/10/2025;17,93844608
03/10/2025;0
04/10/2025;0
05/10/2025;0
06/10/2025;0
07/10/2025;0
08/10/2025;0
09/10/2025;0
10/10/2025;0
11/10/2025;16,15188571
12/10/2025;16,26297608
13/10/2025;15,06145132
14/10/2025;15,32216033
15/10/2025;15,78813292
16/10/2025;16,00163842
17/10/2025;15,89874468
18/10/2025;16,53498071
19/10/2025;16,0890692
20/10/2025;15,67700436
21/10/2025;15,58634882
22/10/2025;15,44898221
23/10/2025;14,30125206
24/10/2025;13,82517554
25/10/2025;15,09199564
26/10/2025;15,35184248
27/10/2025;14,66110641
28/10/2025;14,47375616
29/10/2025;14,91092132
30/10/2025;14,76109349
31/10/2025;14,80559318
